"№ помещения";"Кадастровый номер объекта";"Вид помещения";"Адрес объекта";"Правообладатель (правообладатели)";"Вид собственности";"Запись в ЕГРН, №";"Дата регистрации права";"Доля собственника";"Долевая площадь, м²";"Общая площадь, м²";"Дата присвоения кадастрового номера";"Номер выписки";"Дата выписки"
"Н-1";"00:00:0000000:0001";"Нежилое помещение";"г. Примерск, ул. Тестовая, д. 1А, пом. 1";"ООО «Тестовое общество 1»";"Собственность";"ТЕСТ-00:00:0000000:0001/2019/1";"2019-10-04";"1";"274.4";"274.4";"2014-11-12";"ТЕСТ-ВЫП-00001";"2026-09-20"
"Н-2";"00:00:0000000:0002";"Нежилое помещение";"г. Примерск, ул. Тестовая, д. 1А, пом. 2";"ООО «Тестовое общество 2»";"Собственность";"ТЕСТ-00:00:0000000:0002/2020/1";"2020-12-15";"1";"210.8";"210.8";"2014-11-12";"ТЕСТ-ВЫП-00002";"2026-09-20"
"Н-3";"00:00:0000000:0003";"Нежилое помещение";"г. Примерск, ул. Тестовая, д. 1А, пом. 3";"Козлова Татьяна Сергеевна";"Собственность";"ТЕСТ-00:00:0000000:0003/2018/1";"2018-05-08";"1";"192.8";"192.8";"2014-11-12";"ТЕСТ-ВЫП-00003";"2026-09-20"
"Н-4";"00:00:0000000:0004";"Нежилое помещение";"г. Примерск, ул. Тестовая, д. 1А, пом. 4";"Васильева Мария Сергеевна";"Собственность";"ТЕСТ-00:00:0000000:0004/2016/1";"2016-11-15";"1";"268.4";"268.4";"2014-11-12";"ТЕСТ-ВЫП-00004";"2026-09-20"
"Н-5";"00:00:0000000:0005";"Нежилое помещение";"г. Примерск, ул. Тестовая, д. 1А, пом. 5";"Новиков Михаил Петрович";"Собственность";"ТЕСТ-00:00:0000000:0005/2019/1";"2019-08-14";"1";"220.4";"220.4";"2014-11-12";"ТЕСТ-ВЫП-00005";"2026-09-20"
"1";"00:00:0000000:0006";"Квартира";"г. Примерск, ул. Тестовая, д. 1А, кв. 1";"Васильев Максим Сергеевич";"Собственность";"ТЕСТ-00:00:0000000:0006/2023/1";"2023-07-20";"1";"46.8";"46.8";"2014-11-12";"ТЕСТ-ВЫП-00006";"2026-09-20"
"2";"00:00:0000000:0007";"Квартира";"г. Примерск, ул. Тестовая, д. 1А, кв. 2";"Козлова Светлана Михайловна";"Общая долевая собственность";"ТЕСТ-00:00:0000000:0007/2021/1";"2021-07-04";"1/3";"10.4";"31.2";"2014-11-12";"ТЕСТ-ВЫП-00007";"2026-09-20"
"2";"00:00:0000000:0007";"Квартира";"г. Примерск, ул. Тестовая, д. 1А, кв. 2";"Зайцев Андрей Сергеевич";"Общая долевая собственность";"ТЕСТ-00:00:0000000:0007/2021/2";"2021-07-04";"2/3";"20.8";"31.2";"2014-11-12";"ТЕСТ-ВЫП-00007";"2026-09-20"
"3";"00:00:0000000:0008";"Квартира";"г. Примерск, ул. Тестовая, д. 1А, кв. 3";"Петрова Мария Андреевна";"Общая долевая собственность";"ТЕСТ-00:00:0000000:0008/2017/1";"2017-06-17";"1/2";"65.4";"130.8";"2014-11-12";"ТЕСТ-ВЫП-00008";"2026-09-20"
"3";"00:00:0000000:0008";"Квартира";"г. Примерск, ул. Тестовая, д. 1А, кв. 3";"Соколов Михаил Петрович";"Общая долевая собственность";"ТЕСТ-00:00:0000000:0008/2017/2";"2017-06-17";"1/4";"32.7";"130.8";"2014-11-12";"ТЕСТ-ВЫП-00008";"2026-09-20"
"3";"00:00:0000000:0008";"Квартира";"г. Примерск, ул. Тестовая, д. 1А, кв. 3";"Кузнецова Елена Андреевна";"Общая долевая собственность";"ТЕСТ-00:00:0000000:0008/2017/3";"2017-06-17";"1/4";"32.7";"130.8";"2014-11-12";"ТЕСТ-ВЫП-00008";"2026-09-20"
"4";"00:00:0000000:0009";"Квартира";"г. Примерск, ул. Тестовая, д. 1А, кв. 4";"Фролов Павел Андреевич";"Собственность";"ТЕСТ-00:00:0000000:0009/2019/1";"2019-08-15";"1";"97.2";"97.2";"2014-11-12";"ТЕСТ-ВЫП-00009";"2026-09-20"
"5";"00:00:0000000:0010";"Квартира";"г. Примерск, ул. Тестовая, д. 1А, кв. 5";"Волков Иван Андреевич";"Собственность";"ТЕСТ-00:00:0000000:0010/2016/1";"2016-10-05";"1";"99.6";"99.6";"2014-11-12";"ТЕСТ-ВЫП-00010";"2026-09-20"
"6";"00:00:0000000:0011";"Квартира";"г. Примерск, ул. Тестовая, д. 1А, кв. 6";"Белова Елена Андреевна";"Общая долевая собственность";"ТЕСТ-00:00:0000000:0011/2015/1";"2015-12-16";"1/2";"57.6";"115.2";"2014-11-12";"ТЕСТ-ВЫП-00011";"2026-09-20"
"6";"00:00:0000000:0011";"Квартира";"г. Примерск, ул. Тестовая, д. 1А, кв. 6";"Смирнова Светлана Михайловна";"Общая долевая собственность";"ТЕСТ-00:00:0000000:0011/2015/2";"2015-12-16";"1/2";"57.6";"115.2";"2014-11-12";"ТЕСТ-ВЫП-00011";"2026-09-20"
"7";"00:00:0000000:0012";"Квартира";"г. Примерск, ул. Тестовая, д. 1А, кв. 7";"Кузнецов Александр Александрович";"Общая долевая собственность";"ТЕСТ-00:00:0000000:0012/2025/1";"2025-10-03";"1/2";"22.8";"45.6";"2014-11-12";"ТЕСТ-ВЫП-00012";"2026-09-20"
"7";"00:00:0000000:0012";"Квартира";"г. Примерск, ул. Тестовая, д. 1А, кв. 7";"Смирнов Павел Александрович";"Общая долевая собственность";"ТЕСТ-00:00:0000000:0012/2025/2";"2025-10-03";"1/4";"11.4";"45.6";"2014-11-12";"ТЕСТ-ВЫП-00012";"2026-09-20"
"7";"00:00:0000000:0012";"Квартира";"г. Примерск, ул. Тестовая, д. 1А, кв. 7";"Морозова Светлана Александровна";"Общая долевая собственность";"ТЕСТ-00:00:0000000:0012/2025/3";"2025-10-03";"1/4";"11.4";"45.6";"2014-11-12";"ТЕСТ-ВЫП-00012";"2026-09-20"
"8";"00:00:0000000:0013";"Квартира";"г. Примерск, ул. Тестовая, д. 1А, кв. 8";"Орлов Андрей Сергеевич";"Общая долевая собственность";"ТЕСТ-00:00:0000000:0013/2015/1";"2015-07-18";"1/2";"55.2";"110.4";"2014-11-12";"ТЕСТ-ВЫП-00013";"2026-09-20"
"8";"00:00:0000000:0013";"Квартира";"г. Примерск, ул. Тестовая, д. 1А, кв. 8";"Зайцев Максим Сергеевич";"Общая долевая собственность";"ТЕСТ-00:00:0000000:0013/2015/2";"2015-07-18";"1/4";"27.6";"110.4";"2014-11-12";"ТЕСТ-ВЫП-00013";"2026-09-20"
"8";"00:00:0000000:0013";"Квартира";"г. Примерск, ул. Тестовая, д. 1А, кв. 8";"Петрова Ольга Сергеевна";"Общая долевая собственность";"ТЕСТ-00:00:0000000:0013/2015/3";"2015-07-18";"1/4";"27.6";"110.4";"2014-11-12";"ТЕСТ-ВЫП-00013";"2026-09-20"
"9";"00:00:0000000:0014";"Квартира";"г. Примерск, ул. Тестовая, д. 1А, кв. 9";"Кузнецов Иван Михайлович";"Общая долевая собственность";"ТЕСТ-00:00:0000000:0014/2016/1";"2016-10-10";"1/2";"40.2";"80.4";"2014-11-12";"ТЕСТ-ВЫП-00014";"2026-09-20"
"9";"00:00:0000000:0014";"Квартира";"г. Примерск, ул. Тестовая, д. 1А, кв. 9";"Попов Александр Сергеевич";"Общая долевая собственность";"ТЕСТ-00:00:0000000:0014/2016/2";"2016-10-10";"1/2";"40.2";"80.4";"2014-11-12";"ТЕСТ-ВЫП-00014";"2026-09-20"
"10";"00:00:0000000:0015";"Квартира";"г. Примерск, ул. Тестовая, д. 1А, кв. 10";"Орлова Татьяна Михайловна";"Общая долевая собственность";"ТЕСТ-00:00:0000000:0015/2018/1";"2018-05-27";"1/3";"16.8";"50.4";"2014-11-12";"ТЕСТ-ВЫП-00015";"2026-09-20"
"10";"00:00:0000000:0015";"Квартира";"г. Примерск, ул. Тестовая, д. 1А, кв. 10";"Новиков Павел Александрович";"Общая долевая собственность";"ТЕСТ-00:00:0000000:0015/2018/2";"2018-05-27";"2/3";"33.6";"50.4";"2014-11-12";"ТЕСТ-ВЫП-00015";"2026-09-20"
"11";"00:00:0000000:0016";"Квартира";"г. Примерск, ул. Тестовая, д. 1А, кв. 11";"Волков Максим Александрович";"Общая долевая собственность";"ТЕСТ-00:00:0000000:0016/2024/1";"2024-05-23";"1/3";"34.4";"103.2";"2014-11-12";"ТЕСТ-ВЫП-00016";"2026-09-20"
"11";"00:00:0000000:0016";"Квартира";"г. Примерск, ул. Тестовая, д. 1А, кв. 11";"Петрова Светлана Михайловна";"Общая долевая собственность";"ТЕСТ-00:00:0000000:0016/2024/2";"2024-05-23";"2/3";"68.8";"103.2";"2014-11-12";"ТЕСТ-ВЫП-00016";"2026-09-20"
"12";"00:00:0000000:0017";"Квартира";"г. Примерск, ул. Тестовая, д. 1А, кв. 12";"Морозов Михаил Сергеевич";"Общая долевая собственность";"ТЕСТ-00:00:0000000:0017/2020/1";"2020-09-21";"1/3";"14";"42";"2014-11-12";"ТЕСТ-ВЫП-00017";"2026-09-20"
"12";"00:00:0000000:0017";"Квартира";"г. Примерск, ул. Тестовая, д. 1А, кв. 12";"Петров Андрей Иванович";"Общая долевая собственность";"ТЕСТ-00:00:0000000:0017/2020/2";"2020-09-21";"2/3";"28";"42";"2014-11-12";"ТЕСТ-ВЫП-00017";"2026-09-20"
"13";"00:00:0000000:0018";"Квартира";"г. Примерск, ул. Тестовая, д. 1А, кв. 13";"Соколов Павел Петрович";"Собственность";"ТЕСТ-00:00:0000000:0018/2023/1";"2023-06-19";"1";"44.4";"44.4";"2014-11-12";"ТЕСТ-ВЫП-00018";"2026-09-20"
"14";"00:00:0000000:0019";"Квартира";"г. Примерск, ул. Тестовая, д. 1А, кв. 14";"Белова Ольга Михайловна";"Собственность";"ТЕСТ-00:00:0000000:0019/2015/1";"2015-10-24";"1";"92.4";"92.4";"2014-11-12";"ТЕСТ-ВЫП-00019";"2026-09-20"
"15";"00:00:0000000:0020";"Квартира";"г. Примерск, ул. Тестовая, д. 1А, кв. 15";"Иванов Сергей Иванович";"Собственность";"ТЕСТ-00:00:0000000:0020/2023/1";"2023-09-05";"1";"67.2";"67.2";"2014-11-12";"ТЕСТ-ВЫП-00020";"2026-09-20"
"16";"00:00:0000000:0021";"Квартира";"г. Примерск, ул. Тестовая, д. 1А, кв. 16";"Фролова Елена Андреевна";"Общая долевая собственность";"ТЕСТ-00:00:0000000:0021/2019/1";"2019-11-03";"1/3";"21.6";"64.8";"2014-11-12";"ТЕСТ-ВЫП-00021";"2026-09-20"
"16";"00:00:0000000:0021";"Квартира";"г. Примерск, ул. Тестовая, д. 1А, кв. 16";"Волков Иван Иванович";"Общая долевая собственность";"ТЕСТ-00:00:0000000:0021/2019/2";"2019-11-03";"2/3";"43.2";"64.8";"2014-11-12";"ТЕСТ-ВЫП-00021";"2026-09-20"
"17";"00:00:0000000:0022";"Квартира";"г. Примерск, ул. Тестовая, д. 1А, кв. 17";"Зайцев Иван Иванович";"Собственность";"ТЕСТ-00:00:0000000:0022/2021/1";"2021-01-21";"1";"111.6";"111.6";"2014-11-12";"ТЕСТ-ВЫП-00022";"2026-09-20"
"18";"00:00:0000000:0023";"Квартира";"г. Примерск, ул. Тестовая, д. 1А, кв. 18";"Васильев Сергей Сергеевич";"Общая долевая собственность";"ТЕСТ-00:00:0000000:0023/2021/1";"2021-08-15";"1/2";"55.2";"110.4";"2014-11-12";"ТЕСТ-ВЫП-00023";"2026-09-20"
"18";"00:00:0000000:0023";"Квартира";"г. Примерск, ул. Тестовая, д. 1А, кв. 18";"Соколов Павел Михайлович";"Общая долевая собственность";"ТЕСТ-00:00:0000000:0023/2021/2";"2021-08-15";"1/2";"55.2";"110.4";"2014-11-12";"ТЕСТ-ВЫП-00023";"2026-09-20"
"19";"00:00:0000000:0024";"Квартира";"г. Примерск, ул. Тестовая, д. 1А, кв. 19";"Козлов Павел Андреевич";"Общая долевая собственность";"ТЕСТ-00:00:0000000:0024/2015/1";"2015-12-14";"1/2";"40.2";"80.4";"2014-11-12";"ТЕСТ-ВЫП-00024";"2026-09-20"
"19";"00:00:0000000:0024";"Квартира";"г. Примерск, ул. Тестовая, д. 1А, кв. 19";"Новиков Максим Петрович";"Общая долевая собственность";"ТЕСТ-00:00:0000000:0024/2015/2";"2015-12-14";"1/4";"20.1";"80.4";"2014-11-12";"ТЕСТ-ВЫП-00024";"2026-09-20"
"19";"00:00:0000000:0024";"Квартира";"г. Примерск, ул. Тестовая, д. 1А, кв. 19";"Волков Александр Александрович";"Общая долевая собственность";"ТЕСТ-00:00:0000000:0024/2015/3";"2015-12-14";"1/4";"20.1";"80.4";"2014-11-12";"ТЕСТ-ВЫП-00024";"2026-09-20"
"20";"00:00:0000000:0025";"Квартира";"г. Примерск, ул. Тестовая, д. 1А, кв. 20";"Васильева Елена Сергеевна";"Собственность";"ТЕСТ-00:00:0000000:0025/2020/1";"2020-08-13";"1";"81.6";"81.6";"2014-11-12";"ТЕСТ-ВЫП-00025";"2026-09-20"
"21";"00:00:0000000:0026";"Квартира";"г. Примерск, ул. Тестовая, д. 1А, кв. 21";"Иванов Максим Александрович";"Собственность";"ТЕСТ-00:00:0000000:0026/2022/1";"2022-07-14";"1";"93.6";"93.6";"2014-11-12";"ТЕСТ-ВЫП-00026";"2026-09-20"
"22";"00:00:0000000:0027";"Квартира";"г. Примерск, ул. Тестовая, д. 1А, кв. 22";"Морозов Александр Андреевич";"Общая долевая собственность";"ТЕСТ-00:00:0000000:0027/2022/1";"2022-11-10";"1/3";"32";"96";"2014-11-12";"ТЕСТ-ВЫП-00027";"2026-09-20"
"22";"00:00:0000000:0027";"Квартира";"г. Примерск, ул. Тестовая, д. 1А, кв. 22";"Попова Татьяна Михайловна";"Общая долевая собственность";"ТЕСТ-00:00:0000000:0027/2022/2";"2022-11-10";"2/3";"64";"96";"2014-11-12";"ТЕСТ-ВЫП-00027";"2026-09-20"
"23";"00:00:0000000:0028";"Квартира";"г. Примерск, ул. Тестовая, д. 1А, кв. 23";"Попов Сергей Михайлович";"Собственность";"ТЕСТ-00:00:0000000:0028/2017/1";"2017-11-26";"1";"57.6";"57.6";"2014-11-12";"ТЕСТ-ВЫП-00028";"2026-09-20"
"24";"00:00:0000000:0029";"Квартира";"г. Примерск, ул. Тестовая, д. 1А, кв. 24";"Соколова Мария Ивановна";"Общая долевая собственность";"ТЕСТ-00:00:0000000:0029/2017/1";"2017-04-05";"1/2";"56.4";"112.8";"2014-11-12";"ТЕСТ-ВЫП-00029";"2026-09-20"
"24";"00:00:0000000:0029";"Квартира";"г. Примерск, ул. Тестовая, д. 1А, кв. 24";"Белова Ольга Михайловна";"Общая долевая собственность";"ТЕСТ-00:00:0000000:0029/2017/2";"2017-04-05";"1/2";"56.4";"112.8";"2014-11-12";"ТЕСТ-ВЫП-00029";"2026-09-20"
"25";"00:00:0000000:0030";"Квартира";"г. Примерск, ул. Тестовая, д. 1А, кв. 25";"Морозова Ольга Михайловна";"Общая долевая собственность";"ТЕСТ-00:00:0000000:0030/2025/1";"2025-03-27";"1/3";"45.6";"136.8";"2014-11-12";"ТЕСТ-ВЫП-00030";"2026-09-20"
"25";"00:00:0000000:0030";"Квартира";"г. Примерск, ул. Тестовая, д. 1А, кв. 25";"Соколов Александр Петрович";"Общая долевая собственность";"ТЕСТ-00:00:0000000:0030/2025/2";"2025-03-27";"2/3";"91.2";"136.8";"2014-11-12";"ТЕСТ-ВЫП-00030";"2026-09-20"
"26";"00:00:0000000:0031";"Квартира";"г. Примерск, ул. Тестовая, д. 1А, кв. 26";"Попов Иван Иванович";"Общая долевая собственность";"ТЕСТ-00:00:0000000:0031/2025/1";"2025-01-19";"1/4";"32.1";"128.4";"2014-11-12";"ТЕСТ-ВЫП-00031";"2026-09-20"
"26";"00:00:0000000:0031";"Квартира";"г. Примерск, ул. Тестовая, д. 1А, кв. 26";"Попова Наталья Михайловна";"Общая долевая собственность";"ТЕСТ-00:00:0000000:0031/2025/2";"2025-01-19";"3/4";"96.3";"128.4";"2014-11-12";"ТЕСТ-ВЫП-00031";"2026-09-20"
"27";"00:00:0000000:0032";"Квартира";"г. Примерск, ул. Тестовая, д. 1А, кв. 27";"Попов Сергей Петрович";"Собственность";"ТЕСТ-00:00:0000000:0032/2024/1";"2024-06-05";"1";"82.8";"82.8";"2014-11-12";"ТЕСТ-ВЫП-00032";"2026-09-20"
"28";"00:00:0000000:0033";"Квартира";"г. Примерск, ул. Тестовая, д. 1А, кв. 28";"Новикова Ольга Андреевна";"Общая долевая собственность";"ТЕСТ-00:00:0000000:0033/2018/1";"2018-02-02";"1/2";"24.6";"49.2";"2014-11-12";"ТЕСТ-ВЫП-00033";"2026-09-20"
"28";"00:00:0000000:0033";"Квартира";"г. Примерск, ул. Тестовая, д. 1А, кв. 28";"Кузнецова Мария Сергеевна";"Общая долевая собственность";"ТЕСТ-00:00:0000000:0033/2018/2";"2018-02-02";"1/2";"24.6";"49.2";"2014-11-12";"ТЕСТ-ВЫП-00033";"2026-09-20"
"29";"00:00:0000000:0034";"Квартира";"г. Примерск, ул. Тестовая, д. 1А, кв. 29";"Кузнецова Анна Петровна";"Общая долевая собственность";"ТЕСТ-00:00:0000000:0034/2022/1";"2022-07-04";"1/3";"18.4";"55.2";"2014-11-12";"ТЕСТ-ВЫП-00034";"2026-09-20"
"29";"00:00:0000000:0034";"Квартира";"г. Примерск, ул. Тестовая, д. 1А, кв. 29";"Морозов Сергей Петрович";"Общая долевая собственность";"ТЕСТ-00:00:0000000:0034/2022/2";"2022-07-04";"2/3";"36.8";"55.2";"2014-11-12";"ТЕСТ-ВЫП-00034";"2026-09-20"
"30";"00:00:0000000:0035";"Квартира";"г. Примерск, ул. Тестовая, д. 1А, кв. 30";"Петров Михаил Александрович";"Общая долевая собственность";"ТЕСТ-00:00:0000000:0035/2024/1";"2024-10-09";"1/2";"22.2";"44.4";"2014-11-12";"ТЕСТ-ВЫП-00035";"2026-09-20"
"30";"00:00:0000000:0035";"Квартира";"г. Примерск, ул. Тестовая, д. 1А, кв. 30";"Новикова Елена Ивановна";"Общая долевая собственность";"ТЕСТ-00:00:0000000:0035/2024/2";"2024-10-09";"1/2";"22.2";"44.4";"2014-11-12";"ТЕСТ-ВЫП-00035";"2026-09-20"
"31";"00:00:0000000:0036";"Квартира";"г. Примерск, ул. Тестовая, д. 1А, кв. 31";"Волкова Анна Ивановна";"Собственность";"ТЕСТ-00:00:0000000:0036/2022/1";"2022-07-10";"1";"116.4";"116.4";"2014-11-12";"ТЕСТ-ВЫП-00036";"2026-09-20"
"32";"00:00:0000000:0037";"Квартира";"г. Примерск, ул. Тестовая, д. 1А, кв. 32";"Петров Александр Петрович";"Общая долевая собственность";"ТЕСТ-00:00:0000000:0037/2023/1";"2023-02-15";"1/4";"16.5";"66";"2014-11-12";"ТЕСТ-ВЫП-00037";"2026-09-20"
"32";"00:00:0000000:0037";"Квартира";"г. Примерск, ул. Тестовая, д. 1А, кв. 32";"Морозова Татьяна Александровна";"Общая долевая собственность";"ТЕСТ-00:00:0000000:0037/2023/2";"2023-02-15";"3/4";"49.5";"66";"2014-11-12";"ТЕСТ-ВЫП-00037";"2026-09-20"
"33";"00:00:0000000:0038";"Квартира";"г. Примерск, ул. Тестовая, д. 1А, кв. 33";"Зайцев Андрей Андреевич";"Общая долевая собственность";"ТЕСТ-00:00:0000000:0038/2025/1";"2025-02-17";"1/2";"29.4";"58.8";"2014-11-12";"ТЕСТ-ВЫП-00038";"2026-09-20"
"33";"00:00:0000000:0038";"Квартира";"г. Примерск, ул. Тестовая, д. 1А, кв. 33";"Петров Иван Сергеевич";"Общая долевая собственность";"ТЕСТ-00:00:0000000:0038/2025/2";"2025-02-17";"1/2";"29.4";"58.8";"2014-11-12";"ТЕСТ-ВЫП-00038";"2026-09-20"
"34";"00:00:0000000:0039";"Квартира";"г. Примерск, ул. Тестовая, д. 1А, кв. 34";"Волкова Ольга Сергеевна";"Собственность";"ТЕСТ-00:00:0000000:0039/2019/1";"2019-10-15";"1";"46.8";"46.8";"2014-11-12";"ТЕСТ-ВЫП-00039";"2026-09-20"
"35";"00:00:0000000:0040";"Квартира";"г. Примерск, ул. Тестовая, д. 1А, кв. 35";"Новикова Светлана Александровна";"Общая долевая собственность";"ТЕСТ-00:00:0000000:0040/2022/1";"2022-08-17";"1/2";"58.8";"117.6";"2014-11-12";"ТЕСТ-ВЫП-00040";"2026-09-20"
"35";"00:00:0000000:0040";"Квартира";"г. Примерск, ул. Тестовая, д. 1А, кв. 35";"Попов Андрей Сергеевич";"Общая долевая собственность";"ТЕСТ-00:00:0000000:0040/2022/2";"2022-08-17";"1/2";"58.8";"117.6";"2014-11-12";"ТЕСТ-ВЫП-00040";"2026-09-20"
"36";"00:00:0000000:0041";"Квартира";"г. Примерск, ул. Тестовая, д. 1А, кв. 36";"Васильева Елена Петровна";"Общая долевая собственность";"ТЕСТ-00:00:0000000:0041/2016/1";"2016-08-05";"1/2";"24";"48";"2014-11-12";"ТЕСТ-ВЫП-00041";"2026-09-20"
"36";"00:00:0000000:0041";"Квартира";"г. Примерск, ул. Тестовая, д. 1А, кв. 36";"Зайцева Татьяна Сергеевна";"Общая долевая собственность";"ТЕСТ-00:00:0000000:0041/2016/2";"2016-08-05";"1/4";"12";"48";"2014-11-12";"ТЕСТ-ВЫП-00041";"2026-09-20"
"36";"00:00:0000000:0041";"Квартира";"г. Примерск, ул. Тестовая, д. 1А, кв. 36";"Васильев Сергей Андреевич";"Общая долевая собственность";"ТЕСТ-00:00:0000000:0041/2016/3";"2016-08-05";"1/4";"12";"48";"2014-11-12";"ТЕСТ-ВЫП-00041";"2026-09-20"
"37";"00:00:0000000:0042";"Квартира";"г. Примерск, ул. Тестовая, д. 1А, кв. 37";"Козлов Андрей Михайлович";"Общая долевая собственность";"ТЕСТ-00:00:0000000:0042/2015/1";"2015-12-01";"1/2";"57";"114";"2014-11-12";"ТЕСТ-ВЫП-00042";"2026-09-20"
"37";"00:00:0000000:0042";"Квартира";"г. Примерск, ул. Тестовая, д. 1А, кв. 37";"Морозова Мария Михайловна";"Общая долевая собственность";"ТЕСТ-00:00:0000000:0042/2015/2";"2015-12-01";"1/2";"57";"114";"2014-11-12";"ТЕСТ-ВЫП-00042";"2026-09-20"
"38";"00:00:0000000:0043";"Квартира";"г. Примерск, ул. Тестовая, д. 1А, кв. 38";"Фролов Александр Михайлович";"Общая долевая собственность";"ТЕСТ-00:00:0000000:0043/2024/1";"2024-11-12";"1/4";"30.3";"121.2";"2014-11-12";"ТЕСТ-ВЫП-00043";"2026-09-20"
"38";"00:00:0000000:0043";"Квартира";"г. Примерск, ул. Тестовая, д. 1А, кв. 38";"Кузнецова Татьяна Петровна";"Общая долевая собственность";"ТЕСТ-00:00:0000000:0043/2024/2";"2024-11-12";"3/4";"90.9";"121.2";"2014-11-12";"ТЕСТ-ВЫП-00043";"2026-09-20"
"39";"00:00:0000000:0044";"Квартира";"г. Примерск, ул. Тестовая, д. 1А, кв. 39";"Козлова Татьяна Петровна";"Общая долевая собственность";"ТЕСТ-00:00:0000000:0044/2021/1";"2021-03-17";"1/2";"22.8";"45.6";"2014-11-12";"ТЕСТ-ВЫП-00044";"2026-09-20"
"39";"00:00:0000000:0044";"Квартира";"г. Примерск, ул. Тестовая, д. 1А, кв. 39";"Козлов Сергей Сергеевич";"Общая долевая собственность";"ТЕСТ-00:00:0000000:0044/2021/2";"2021-03-17";"1/2";"22.8";"45.6";"2014-11-12";"ТЕСТ-ВЫП-00044";"2026-09-20"
"40";"00:00:0000000:0045";"Квартира";"г. Примерск, ул. Тестовая, д. 1А, кв. 40";"Новиков Максим Сергеевич";"Общая долевая собственность";"ТЕСТ-00:00:0000000:0045/2021/1";"2021-04-17";"1/2";"63.6";"127.2";"2014-11-12";"ТЕСТ-ВЫП-00045";"2026-09-20"
"40";"00:00:0000000:0045";"Квартира";"г. Примерск, ул. Тестовая, д. 1А, кв. 40";"Васильев Максим Михайлович";"Общая долевая собственность";"ТЕСТ-00:00:0000000:0045/2021/2";"2021-04-17";"1/2";"63.6";"127.2";"2014-11-12";"ТЕСТ-ВЫП-00045";"2026-09-20"
"41";"00:00:0000000:0046";"Квартира";"г. Примерск, ул. Тестовая, д. 1А, кв. 41";"Орлов Сергей Михайлович";"Собственность";"ТЕСТ-00:00:0000000:0046/2024/1";"2024-06-25";"1";"118.8";"118.8";"2014-11-12";"ТЕСТ-ВЫП-00046";"2026-09-20"
"42";"00:00:0000000:0047";"Квартира";"г. Примерск, ул. Тестовая, д. 1А, кв. 42";"Фролов Михаил Иванович";"Собственность";"ТЕСТ-00:00:0000000:0047/2025/1";"2025-12-18";"1";"33.6";"33.6";"2014-11-12";"ТЕСТ-ВЫП-00047";"2026-09-20"
"43";"00:00:0000000:0048";"Квартира";"г. Примерск, ул. Тестовая, д. 1А, кв. 43";"Смирнова Ирина Ивановна";"Собственность";"ТЕСТ-00:00:0000000:0048/2017/1";"2017-12-13";"1";"45.6";"45.6";"2014-11-12";"ТЕСТ-ВЫП-00048";"2026-09-20"
"44";"00:00:0000000:0049";"Квартира";"г. Примерск, ул. Тестовая, д. 1А, кв. 44";"Морозов Михаил Сергеевич";"Общая долевая собственность";"ТЕСТ-00:00:0000000:0049/2017/1";"2017-11-27";"1/4";"8.1";"32.4";"2014-11-12";"ТЕСТ-ВЫП-00049";"2026-09-20"
"44";"00:00:0000000:0049";"Квартира";"г. Примерск, ул. Тестовая, д. 1А, кв. 44";"Зайцев Андрей Иванович";"Общая долевая собственность";"ТЕСТ-00:00:0000000:0049/2017/2";"2017-11-27";"3/4";"24.3";"32.4";"2014-11-12";"ТЕСТ-ВЫП-00049";"2026-09-20"
"45";"00:00:0000000:0050";"Квартира";"г. Примерск, ул. Тестовая, д. 1А, кв. 45";"Кузнецова Анна Андреевна";"Общая долевая собственность";"ТЕСТ-00:00:0000000:0050/2016/1";"2016-04-14";"1/4";"26.7";"106.8";"2014-11-12";"ТЕСТ-ВЫП-00050";"2026-09-20"
"45";"00:00:0000000:0050";"Квартира";"г. Примерск, ул. Тестовая, д. 1А, кв. 45";"Волков Дмитрий Сергеевич";"Общая долевая собственность";"ТЕСТ-00:00:0000000:0050/2016/2";"2016-04-14";"3/4";"80.1";"106.8";"2014-11-12";"ТЕСТ-ВЫП-00050";"2026-09-20"